{
  "USD_AUD": 1.28866,
  "USD_BAM": 1.599861,
  "USD_GBP": 0.737164,
  "USD_BGN": 1.598942,
  "USD_CAD": 1.269865,
  "USD_CNY": 6.475404,
  "USD_CZK": 21.41015,
  "USD_DKK": 6.08563,
  "USD_EUR": 0.817996,
  "USD_HUF": 294.160388,
  "USD_JPY": 103.94804,
  "USD_KZT": 420.269939,
  "USD_LVL": 0.60489,
  "USD_PLN": 3.69175,
  "USD_KRW": 1093.010384,
  "USD_SEK": 8.24409,
  "USD_CHF": 0.885555,
  "USD_UAH": 28.331616,
  "USD_USD": 1
}
